thematic-id,name_1,name_2,topic-tag,occupation,type,action,start-loc,end-loc,orig-addr,lat,lon,loc-src,desc,desc-src,notes,img-src,img-title,image,img-landing-page,r-1-type,r-1-inst,r-1-title,r-1-landing,r-2-type,r-2-inst,r-2-title,r-2-landing,r-3-type,r-3-inst,r-3-title,r-3-landing,r-4-type,r-4-inst,r-4-title,r-4-landing,menu-id,menu-tag,map-label
17,Boston Vigilance Committee,,bosvigilance,,Organization,met,,1850,Faneuil Hall,42.36004,-71.05624,"Kathryn Grover and Janine V. da Silva, ""Historic Resource Study: Boston African American National Historic Site, 31 December 2002."" Discover Underground Railroad History. National Parks Service..","The Boston Vigilance Committee (1841–1861) was an abolitionist organization formed in Boston, Massachusetts, to protect escaped slaves from being kidnapped and returned to slavery in the South. The Committee aided hundreds of escapees, most of whom arrived as stowaways on coastal trading vessels and stayed a short time before moving on to Canada or England. Notably, members of the Committee provided legal and other aid to George Latimer, Ellen and William Craft, Shadrach Minkins, Thomas Sims, and Anthony Burns. Members coordinated with donors and Underground Railroad conductors to provide escapees with funds, shelter, medical attention, legal counsel, transportation, and sometimes weapons.",Wikipedia,,"Boston Public Library, Rare Books and Manuscripts Department",Broadside printed by Benjamin Roberts for the Boston Vigilance Committee,https://www.nps.gov/boaf/learn/historyculture/images/VigilanceCommitteeTitlePage-HubBanner-EditedTrace-FH.jpg?maxwidth=1200&autorotate=false&quality=78&format=webp,https://www.bc.edu/bc-web/schools/law/sites/students/library/special-collections/robert-morris/antislavery-activism.html,,,,,,,,,,,,,,,,,,,
53,Craft,Willam,bosvigilance,,Person,lived,,1850,66 Southac St,42.360223,-71.069049,"Kathryn Grover and Janine V. da Silva, ""Historic Resource Study: Boston African American National Historic Site, 31 December 2002."" Discover Underground Railroad History. National Parks Service..","Ellen Craft (1826–1891) and William Craft (September 25, 1824 – January 29, 1900) were American fugitives who were born and enslaved in Macon, Georgia. They escaped to the North in December 1848 by traveling by train and steamboat, arriving in Philadelphia on Christmas Day. Ellen crossed the boundaries of race, class and gender by passing as a white male planter with William posing as her personal servant. Their daring escape was widely publicized, making them among the most famous of fugitives from slavery. Abolitionists featured them in public lectures to gain support in the struggle to end the institution.",Wikipedia,,William Still Underground Railroad Records,1886 Portraits of William and Ellen Craft,https://www.nps.gov/articles/-a-desperate-leap-for-liberty-the-escape-of-william-and-ellen-craft.htm,https://www.genealogybank.com/explore/newspapers/all/usa/massachusetts/boston/boston-courier,,,,,,,,,,,,,,,,,,,
426,Smith,Joshua Bowen,bosvigilance,caterer,Person,lived,1836,1879,79 Norfolk St,42.36637067,-71.10078929,Wikipedia,"Joshua Bowen Smith (1813–1879) was an abolitionist, conductor on the Underground Railroad and co-founder of the New England Freedom Association, and politician, serving one term as a Massachusetts state legislator. He worked as a caterer in Boston, starting his own business at the age of 36.",Wikipedia,,Massachusetts Historical Society,Photograph and signature of Joshua Bowen Smith,https://www.nps.gov/common/uploads/cropped_image/primary/356F2B57-C1D4-0F17-8BEF27CA21FB8F02.jpg?width=600&quality=90&mode=crop,https://www.digitalcommonwealth.org/search?f%5Bsubject_facet_ssim%5D%5B%5D=Smith%2C+Joshua+Bowen%2C+1813-1879,Digital Archive,Digital Commonwealth: Massachusetts Collections Online,Search for Joshua Bowen Smith,https://www.digitalcommonwealth.org/search?f%5Bsubject_facet_ssim%5D%5B%5D=Smith%2C+Joshua+Bowen%2C+1813-1879,,,,,,,,,,,,,,,
54,Craft,Willam,bosvigilance,cabinetmaking,Person,worked,,1850,51 Cambridge,,,"Kathryn Grover and Janine V. da Silva, ""Historic Resource Study: Boston African American National Historic Site, 31 December 2002."" Discover Underground Railroad History. National Parks Service..","Ellen Craft (1826–1891) and William Craft (September 25, 1824 – January 29, 1900) were American fugitives who were born and enslaved in Macon, Georgia. They escaped to the North in December 1848 by traveling by train and steamboat, arriving in Philadelphia on Christmas Day. Ellen crossed the boundaries of race, class and gender by passing as a white male planter with William posing as her personal servant. Their daring escape was widely publicized, making them among the most famous of fugitives from slavery. Abolitionists featured them in public lectures to gain support in the struggle to end the institution.",Wikipedia,,Boston Courier,A newspaper announcement about the warrant issued for William Craft,https://npgallery.nps.gov/GetAsset/46c928e4-adb7-411d-9852-0330d2b651e2/original.png?,https://www.genealogybank.com/explore/newspapers/all/usa/massachusetts/boston/boston-courier,,,,,,,,,,,,,,,,,,,
117,Riley,Elizabeth,bosvigilance,,Person,lived,1835,1855,68-70 Southac St,42.36018,-71.0692,"Kathryn Grover and Janine V. da Silva, ""Historic Resource Study: Boston African American National Historic Site, 31 December 2002."" Discover Underground Railroad History. National Parks Service..","Elizabeth Cook Riley (née Cook; 1792 – 1855) was an African-American Bostonian abolitionist who aided in the escape of fugitive slave Shadrach Minkins. She was a member of the committee which raised the first funds towards William Lloyd Garrison's The Liberator, a prominent antislavery newspaper. Afterwards, she was active in the Boston abolitionist community, helping to organize meetings and events.",Wikipedia,Source does not provide an exact date of her death.,Boston Globe,Newspaper clipping describing how Elizabeth Riley protected Shadrach Minkins in her attic after his coordinated escape from the Court,https://npgallery.nps.gov/GetAsset/dfa4dd4a-ff59-4d4c-bda4-bbc4e4a87994/original.png?,https://www.nps.gov/places/william-and-elizabeth-riley-house.htm,Newspaper,Boston Public Library,The Liberator,https://www.digitalcommonwealth.org/collections/commonwealth:9w032b61n,,,,,,,,,,,,,,,
69,Grimes,Leonard Andrew,bosvigilance,pastor,Person,was pastor,1848,1873,,42.3604427,-71.0681428,"Wikipedia.. Kathryn Grover and Janine V. da Silva, ""Historic Resource Study: Boston African American National Historic Site, 31 December 2002."" Discover Underground Railroad History. National Parks Service..","Leonard Andrew Grimes (November 9, 1815 – March 14, 1873) was an African-American abolitionist and pastor. He served as a conductor of the Underground Railroad, including his efforts to free fugitive slave Anthony Burns captured in accordance with the Fugitive Slave Act of 1850. After the Civil War began, Grimes petitioned for African-American enlistment. He then recruited soldiers for the 54th Regiment Massachusetts Volunteer Infantry.",Wikipedia,,Library of Congress,Portrait of Reverend Leonard Grimes,https://www.nps.gov/common/uploads/cropped_image/primary/4ECEAFDD-A389-071F-F240126E5156179F.jpg?width=600&quality=90&mode=crop,https://www.loc.gov/item/2017660624/,Archival Papers,Massachusetts Historical Society,Massachusetts Historical Society Miscellaneous Bound Collection,,Portrait Album,Boston Atheneum,Harriet Hayden Albums,https://cdm.bostonathenaeum.org/digital/collection/p16057coll52,,,,,,,,,,,
6,James Scott trial for aiding the freeing of Shadrach Minkins,,bosvigilance,,Event,occured,,1851,,,,"Kathryn Grover and Janine V. da Silva, ""Historic Resource Study: Boston African American National Historic Site, 31 December 2002."" Discover Underground Railroad History. National Parks Service..","In a chaotic struggle, black abolitionists arrested Minkins from his court officers, carried him off and temporarily hid him in a Beacon Hill attic. From there, Boston black leaders Lewis Hayden, John J. Smith and others helped Minkins escape from Massachusetts, and he eventually found his way to Canada on the Underground Railroad. On an order from President Millard Fillmore, nine abolitionists, including Robert Morris, were indicted. Charges against some were dismissed, while others, including Morris and Hayden, faced a jury in court. Utimately, each was aquitted.",Massachusetts Historical Society,,Boston Public Library,"Picture of Boston Court House, from which Shadrach Minkins escaped",https://npgallery.nps.gov/GetAsset/0e8cb1cb-1c3c-4f51-a1c3-d64cf99de8c6/original.jpg?,https://www.bpl.org/archival_post/,,,,,,,,,,,,,,,,,,,
107,Pitts,Coffin,bosvigilance,clothing,Person,lived,,1826,,42.36018,-71.06942,"Kathryn Grover and Janine V. da Silva, ""Historic Resource Study: Boston African American National Historic Site, 31 December 2002."" Discover Underground Railroad History. National Parks Service..","Centrally located at 66 Phillips (formerly Southac) Street in the heart of the city, just steps away from the famed African Meeting House, the Haydens’ residence was in a multicultural yet predominantly Black community. While Lewis Hayden triumphed as an entrepreneur and activist, Harriet Hayden converted their home into a boardinghouse to protect and assist those being hunted under the Fugitive Slave Act. She was one of many Black women activists who fought subversively and persistently with tact, class, and cleverness to rectify the propagation of slavery.",Boston Athenuem,,"Parker, Theodore D, Edward G Parker, and Seth J Thomas. 1854. Boston Slave Riot, and Trial of Anthony Burns. Boston: Fetridge and Company.",Description of the relationship between Coffin Pitts and Anthony Burns,https://dl.airtable.com/.attachmentThumbnails/18c3236adc157dbc31ee1c34f16fa558/b7f3f5f1,"https://books.google.com/books?id=gDNcAAAAcAAJ&printsec=frontcover&dq=Boston+Slave+Riot,+and+Trial+of+Anthony+Burns&hl=en&newbks=1&newbks_redir=0&sa=X&ved=2ahUKEwjTjPTxo9_2AhWsk4kEHfn4DEkQ6AF6BAhOEAI#v=onepage&q&f=false",,,,,,,,,,,,,,,,,,,
438,Abolition Riot of 1836,,bosvigilance,,Event,occurred,1836,1836,,42.35860877,-71.05904408,"Lyndsay Campbell; The “Abolition Riot” Redux: Voices, Processes. The New England Quarterly 2021; 94 (1): 7–46. doi: https://doi.org/10.1162/tneq_a_00877","The Abolition Riot of 1836 took place in Boston, Massachusetts (U.S.) in the Massachusetts Supreme Judicial Court. In August 1836, Eliza Small and Polly Ann Bates, two enslaved women from Baltimore who had run away, were arrested in Boston and brought before Chief Justice Lemuel Shaw. The judge ordered them freed because of a problem with the arrest warrant. When the agent for the slaveholder requested a new warrant, the spectators—mostly African-American women—rioted in the courtroom and rescued Small and Bates.",,,Boston Public Library,"The Liberator reported unfavorably on this riot and rescue, calling it “unjustifiable” but not “unpardonable”",https://d4804za1f1gw.cloudfront.net/wp-content/uploads/sites/30/2018/07/3-1831.04.23_Masthead_Liberator_vol.1_no.17_p.65-670x240.jpg,https://www.bpl.org/blogs/post/the-liberator/,,,,,,,,,,,,,,,,,,,
385,George and Susan Hillard House,,bosvigilance,,Place,was part of the Underground Railroad,,1855,62 Pinckney Street,42.358784,-71.067685,Boston African American National Historic Site..,"George and Susan Hillard lived at No. 62 Pinckney Street from the early 1840s through the 1870s. Both of the Hillards were opposed to slavery, and George was a law partner with Charles Sumner, an ardent abolitionist, until Sumner was elected to the U.S. Senate. By 1850, however, George began aligning with Daniel Webster’s politics and believed that slavery should not come between the states. As a U.S. commissioner, George also had to uphold the Fugitive Slave Act of 1850 and issue arrest warrants to slave catchers (National Park Service). Despite her husband’s politics, Susan Hillard remained staunchly anti-slavery and even hid runaway slaves in the family home.",Underground Railroad in Beacon Hill,,William Still Underground Railroad Records,"1886 Portraits of William and Ellen Craft, whom the Hillards protected in their house",https://www.nps.gov/articles/-a-desperate-leap-for-liberty-the-escape-of-william-and-ellen-craft.htm,https://www.genealogybank.com/explore/newspapers/all/usa/massachusetts/boston/boston-courier,,,,,,,,,,,,,,,,,,,
73,Hayden,Harriet,bosvigilance,,Person,lived,1850,1889,66 Southac St,42.360223,-71.069049,"Kathryn Grover and Janine V. da Silva, ""Historic Resource Study: Boston African American National Historic Site, 31 December 2002."" Discover Underground Railroad History. National Parks Service..","Centrally located at 66 Phillips (formerly Southac) Street in the heart of the city, just steps away from the famed African Meeting House, the Haydens’ residence was in a multicultural yet predominantly Black community. While Lewis Hayden triumphed as an entrepreneur and activist, Harriet Hayden converted their home into a boardinghouse to protect and assist those being hunted under the Fugitive Slave Act. She was one of many Black women activists who fought subversively and persistently with tact, class, and cleverness to rectify the propagation of slavery.",Boston Athenuem,,"Harriet Hayden Albums, volume 1",Volume 1 of Hayden’s album of portraits features an inscription from Robert Morris on the front inner board,https://cdm.bostonathenaeum.org/digital/api/singleitem/image/p16057coll52/336/default.jpg?highlightTerms=grime,https://cdm.bostonathenaeum.org/digital/collection/p16057coll52,Portrait Album,Boston Atheneum,The Harriet Hayden Albums,https://cdm.bostonathenaeum.org/digital/collection/p16057coll52,,,,,,,,,,,,,,,
28,New England Freedom Association,,bosvigilance,,Organization,met,1842,,,42.359983,-71.065481,"Wikipedia.. Kathryn Grover and Janine V. da Silva, ""Historic Resource Study: Boston African American National Historic Site, 31 December 2002."" Discover Underground Railroad History. National Parks Service..",The New England Freedom Association (c.1842 - c.1848) was an organization founded by African Americans in Boston for the purpose of assisting fugitive slaves.,,,The Liberator,New England Freedom Association,http://www.primaryresearch.org/bh/liberator/143.jpg,http://www.primaryresearch.org/bh/liberator/g_vasearch.php?any=freedom%20association,Newspaper,Boston Public Library,The Liberator,https://www.digitalcommonwealth.org/collections/commonwealth:9w032b61n,,,,,,,,,,,,,,,
50,Coburn,John,bosvigilance,clothing,Person,lived,1845,1873,Corner of Southac and Butolph,42.360272,-71.066456,"Wikipedia.. Kathryn Grover and Janine V. da Silva, ""Historic Resource Study: Boston African American National Historic Site, 31 December 2002."" Discover Underground Railroad History. National Parks Service..","John P. Coburn (1811–1873) was a 19th-century African-American abolitionist, civil rights activist, tailor and clothier from Boston, Massachusetts. For most of his life, he resided at 2 Phillips Street in Boston's Beacon Hill neighborhood. Coburn was one of the wealthiest African Americans in Boston of his time. His property on the North Slope of Beacon Hill had the third highest real property value in a 1850 census. Coburn was heavily involved in abolition-related work within his community, specifically work related to the New England Freedom Association and the Massasoit Guards.",,,Boston African American National Historic Site,Present-day image of the John Coburn House,https://www.nps.gov/boaf/learn/historyculture/images/coburnhouse_3.jpg?maxwidth=650&autorotate=false&quality=78&format=webp,https://www.nps.gov/boaf/learn/historyculture/john-coburn-house.htm,,,,,,,,,,,,,,,,,,,
33,Twelfth Baptist Church,,bosvigilance,,Organization,met,1850,1906,,42.3604427,-71.0681428,"Wikipedia.. Boston African American National Historic Site.. Kathryn Grover and Janine V. da Silva, ""Historic Resource Study: Boston African American National Historic Site, 31 December 2002."" Discover Underground Railroad History. National Parks Service..","Twelfth Baptist Church was founded in 1840 and struggled for many years until the Rev. Leonard A. Grimes became minister in 1848. The church was also known as ""The Fugitive Slave Church."" Scores of self-emancipated slaves received aid from Twelfth Baptist Church, and many chose to remain with this congregation. Lewis and Harriet Hayden, Shadrach Minkins, Anthony Burns, Thomas Sims, and John S. Rock were all members of Twelfth Baptist. When Anthony Burns was arrested under the 1850 Fugitive Slave Law, Grimes helped organize resistance to his pending deportation to the south. Grimes also led the effort to buy Burns out of slavery after he had been returned to the south. ",African American Churches of Beacon Hill,45 phillips st according to 1880 city directory https://books.google.com/books?id=NSFFAQAAMAAJ&pg=PA1330&,Boston African American National Historic Site,"The Twelfth Baptist Church, also known as the “Church of the Fugitive Slaves”",https://npgallery.nps.gov/GetAsset/97e4548e-96cf-492a-9251-6870c785bc30/original.jpg?,https://www.nps.gov/places/twelfth-baptist-church.htm,Archival Papers,Massachusetts Historical Society,Massachusetts Historical Society Miscellaneous Bound Collection,,,,,,,,,,,,,,,,
137,Smith,John J,bosvigilance,,Person,lived,,1850,,42.358706,-71.069694,Wikipedia.. Boston African American National Historic Site..,"John James Smith (1820 – 1906) was a barber shop owner, abolitionist, a three-term Massachusetts state representative, and one of the first African-American members of the Boston Common Council. During the 1840s and 50s, Smith's barbershop on the north slope of Beacon Hill was a center of abolitionist activity, and provided shelter to freedom seekers on the Underground Railroad.",,,Massachusetts State Library,Photograph and signature of John J. Smith,https://www.nps.gov/boaf/learn/historyculture/images/John_J-_Smith_-1820-1906_3.jpg?maxwidth=650&autorotate=false&quality=78&format=webp,http://mastatelibrary.blogspot.com/2013/03/massachusetts-legislators-john-james.html,,,,,,,,,,,,,,,,,,,
51,Coburn,John,bosvigilance,clothing,Person,lived,1835,1843,3 Coburn Court,42.36012,-71.06734,"Kathryn Grover and Janine V. da Silva, ""Historic Resource Study: Boston African American National Historic Site, 31 December 2002."" Discover Underground Railroad History. National Parks Service..","John P. Coburn (1811–1873) was a 19th-century African-American abolitionist, civil rights activist, tailor and clothier from Boston, Massachusetts. For most of his life, he resided at 2 Phillips Street in Boston's Beacon Hill neighborhood. Coburn was one of the wealthiest African Americans in Boston of his time. His property on the North Slope of Beacon Hill had the third highest real property value in a 1850 census. Coburn was heavily involved in abolition-related work within his community, specifically work related to the New England Freedom Association and the Massasoit Guards.",,,Boston African American National Historic Site,Present-day image of the John Coburn House,https://www.nps.gov/boaf/learn/historyculture/images/coburnhouse_3.jpg?maxwidth=650&autorotate=false&quality=78&format=webp,https://www.nps.gov/boaf/learn/historyculture/john-coburn-house.htm,,,,,,,,,,,,,,,,,,,
452,Anthony Burns Celebrations,,bosvigilance,,Event,occurred,1855,1855,88 Tremont Street,42.35751188,-71.06076151,NPS Boston African American National Historic Site,"Anthony Burns (May 31, 1834 – July 17, 1862) was an African American man who escaped from slavery in Virginia in 1854. His capture and trial in Boston, and transport back to Virginia, generated wide-scale public outrage in the North and, ultimately, increased opposition to slavery by Northerners. He was captured under the Fugitive Slave Act of 1850 and tried in court in Boston. The Fugitive Slave Act was despised and fiercely resisted in Boston, and Burns's case attracted national publicity, including large demonstrations, protests, attacks, and violence. Federal troops were used in the city to ensure Burns was transported without interference to a ship sailing to Virginia post-trial. Burns was eventually ransomed from slavery, with his freedom purchased by Boston sympathizers.",,,Boston Directory,"Image of the Boston Tremont Temple, where Anthony Burns spoke in 1855 at an event celebrating his new freedom",https://www.nps.gov/articles/000/images/HTB3-TremontTemple.jpg?maxwidth=650&autorotate=false&quality=78&format=webp,https://www.nps.gov/articles/-god-made-me-a-man-not-a-slave-the-arrest-of-anthony-burns.htm,Archival Papers,Massachusetts Historical Society,Theodore Parker Papers,https://www.masshist.org/collection-guides/view/fa0283,Archival Papers,Massachusetts Historical Society,Dana Family Papers,https://www.masshist.org/collection-guides/view/fa0233,,,,,,,,,,,
18,Boston Vigilance Committee,,bosvigilance,,Organization,was founded,,1841,Marlboro Chapel,42.35603,-71.06006,"Kathryn Grover and Janine V. da Silva, ""Historic Resource Study: Boston African American National Historic Site, 31 December 2002."" Discover Underground Railroad History. National Parks Service..","The Boston Vigilance Committee (1841–1861) was an abolitionist organization formed in Boston, Massachusetts, to protect escaped slaves from being kidnapped and returned to slavery in the South. The Committee aided hundreds of escapees, most of whom arrived as stowaways on coastal trading vessels and stayed a short time before moving on to Canada or England. Notably, members of the Committee provided legal and other aid to George Latimer, Ellen and William Craft, Shadrach Minkins, Thomas Sims, and Anthony Burns.",,,Harvard Library,A page from the Committee’s treasurer’s accounts,https://drive.google.com/file/d/1tKBxk2R2juMzLZQFTSnAy5xhTvuSuY1A/view?usp=sharing,"https://hollis.harvard.edu/primo-explore/fulldisplay?docid=01HVD_ALMA211917911460003941&context=L&vid=HVD2&lang=en_US&search_scope=everything&adaptor=Local%20Search%20Engine&tab=everything&query=any,contains,boston%20vigilance%20committee&offset=0",Archival Papers,Harvard Library,Theodore Parker Papers,https://hollisarchives.lib.harvard.edu/repositories/12/resources/797,Archival Papers,Harvard Library,Wendell Phillips Papers,https://hollisarchives.lib.harvard.edu/repositories/24/resources/1740,,,,,,,,,,,
135,Smith,John J.,bosvigilance,,Person,lived,1878,,86 Pinckney St,42.35875,-71.06971,"Kathryn Grover and Janine V. da Silva, ""Historic Resource Study: Boston African American National Historic Site, 31 December 2002."" Discover Underground Railroad History. National Parks Service..","John James Smith (1820 – 1906) was a barber shop owner, abolitionist, a three-term Massachusetts state representative, and one of the first African-American members of the Boston Common Council. During the 1840s and 50s, Smith's barbershop on the north slope of Beacon Hill was a center of abolitionist activity, and provided shelter to freedom seekers on the Underground Railroad.",,,Massachusetts State Library,Photograph and signature of John J. Smith,https://www.nps.gov/boaf/learn/historyculture/images/John_J-_Smith_-1820-1906_3.jpg?maxwidth=650&autorotate=false&quality=78&format=webp,http://mastatelibrary.blogspot.com/2013/03/massachusetts-legislators-john-james.html,,,,,,,,,,,,,,,,,,,
439,Arrest of Shadrach Minkins,,bosvigilance,,Event,occurred,1851,1851,Intersection of Court St and Washington St,42.35943059,-71.05911887,"NPS Boston African American Historic Site: ""Rescued from the Fangs of the Slave Hunter"": The Case of Shadrach Minkins","Shadrach Minkins escaped from slavery at age 33 in 1850 and reached Boston, Massachusetts, where he became a waiter. Later that year, Congress enacted the Fugitive Slave Act, which allowed federal agents to seize escaped slaves living in free states and return them to their owners. It required law enforcement in all states to cooperate in enforcing this federal law. United States marshals, who posed as customers at Taft's Cornhill Coffee House where Minkins worked, arrested him on February 15, 1851.",Wikipedia,,Boston Public Library,"Picture of Boston Court House, outside of which Shadrach Minkins was arrested",https://npgallery.nps.gov/GetAsset/0e8cb1cb-1c3c-4f51-a1c3-d64cf99de8c6/original.jpg?,https://www.bpl.org/archival_post/,Archival Papers,Massachusetts Historical Society,Dana Family Papers,https://www.masshist.org/collection-guides/view/fa0233,Archival Papers,Massachusetts Historical Society,John A. Andrew Papers,https://www.masshist.org/collection-guides/view/fa0250,Archival Papers,Harvard Library,Papers of Albert Bushnell Hart,https://hollisarchives.lib.harvard.edu/repositories/4/resources/10460,,,,,,,
440,Lewis Hayden and Robert Morris move Shadrach to the Riley Attic,,bosvigilance,,Event,occurred,1851,1851,68-70 Southac Street,42.36018,-71.0692,"NPS Boston African American Historic Site: ""Rescued from the Fangs of the Slave Hunter"": The Case of Shadrach Minkins","According to Lewis Hayden, when the rescue party made it to Beacon Hill, he and Robert Morris, a Black attorney, ""'escorted Shadrach away from the crowd' and 'safely lodged him in the attic of a widow, Mrs. Elizabeth Riley, one of our race, whose fidelity and humanity we all fully confided in.'"" Riley lived on Southac Place, not far from Hayden’s own home and safe house on Southac Street.","NPS Boston African American Historic Site: ""Rescued from the Fangs of the Slave Hunter"": The Case of Shadrach Minkins",,National Archives,Indictment for Lewis Hayden for helping Shadrach Minkins escape,http://www.longroadtojustice.org/images/shadrach-treason.jpg,https://www.archives.gov/education/lessons/fugitive-slaves.html,Archival Papers,Massachusetts Historical Society,Dana Family Papers,https://www.masshist.org/collection-guides/view/fa0233,Archival Papers,Massachusetts Historical Society,John A. Andrew Papers,https://www.masshist.org/collection-guides/view/fa0250,Archival Papers,Harvard Library,Papers of Albert Bushnell Hart,https://hollisarchives.lib.harvard.edu/repositories/4/resources/10460,,,,,,,
446,William,Jones,bosvigilance,laborer,Person,lived,,,4 Oliver St,,,,"According to William Jones’s testimony, the first day he met Anthony Burns, the two made their way around Boston, stopping in various shops where Burns asked for work.","Parker, Theodore D, Edward G Parker, and Seth J Thomas. 1854. Boston Slave Riot, and Trial of Anthony Burns. Boston: Fetridge and Company.",,"Parker, Theodore D, Edward G Parker, and Seth J Thomas. 1854. Boston Slave Riot, and Trial of Anthony Burns. Boston: Fetridge and Company.",William Jones's testimony in the Anthony Burns case,https://dl.airtable.com/.attachmentThumbnails/50fd1c578ca311805cd9dd1799e27eea/0db719dc,"https://books.google.com/books?id=gDNcAAAAcAAJ&newbks=1&newbks_redir=0&dq=Boston+Slave+Riot,+and+Trial+of+Anthony+Burns&source=gbs_navlinks_s",City Directory,Boston Atheneum,Boston Directory 1854,https://cdm.bostonathenaeum.org/digital/collection/p16057coll32/id/81,,,,,,,,,,,,,,,
447,Russell's Shop,,bosvigilance,,,was located,,,,,,,"According to William Jones’s testimony, the first day he met Anthony Burns, the two made their way around Boston, stopping in various shops where Burns asked for work.","Parker, Theodore D, Edward G Parker, and Seth J Thomas. 1854. Boston Slave Riot, and Trial of Anthony Burns. Boston: Fetridge and Company.",,"Parker, Theodore D, Edward G Parker, and Seth J Thomas. 1854. Boston Slave Riot, and Trial of Anthony Burns. Boston: Fetridge and Company.","William Jones’s testimony in the Anthony Burns case, in which he describes visiting Russell’s Shop with Burns",https://dl.airtable.com/.attachmentThumbnails/29e93db79498e71376b3cb77c35fb1b8/5cb67dee,"https://books.google.com/books?id=gDNcAAAAcAAJ&newbks=1&newbks_redir=0&dq=Boston+Slave+Riot,+and+Trial+of+Anthony+Burns&source=gbs_navlinks_s",City Directory,Boston Atheneum,Boston Directory 1854,https://cdm.bostonathenaeum.org/digital/collection/p16057coll32/id/81,,,,,,,,,,,,,,,
448,John Favor's Stairbuilders Shop,,bosvigilance,,,was located,,,49 Lincoln St,42.35257099,-71.05813055,"The Boston Directory, 1855.","According to William Jones’s testimony, the first day he met Anthony Burns, the two made their way around Boston, stopping in various shops where Burns asked for work.","Parker, Theodore D, Edward G Parker, and Seth J Thomas. 1854. Boston Slave Riot, and Trial of Anthony Burns. Boston: Fetridge and Company.",,"Parker, Theodore D, Edward G Parker, and Seth J Thomas. 1854. Boston Slave Riot, and Trial of Anthony Burns. Boston: Fetridge and Company.","William Jones’s testimony in the Anthony Burns case, in which he describes visiting Favor’s stair building shop with Burns",https://dl.airtable.com/.attachmentThumbnails/29e93db79498e71376b3cb77c35fb1b8/5cb67dee,"https://books.google.com/books?id=gDNcAAAAcAAJ&newbks=1&newbks_redir=0&dq=Boston+Slave+Riot,+and+Trial+of+Anthony+Burns&source=gbs_navlinks_s",City Directory,Boston Atheneum,Boston Directory 1854,https://cdm.bostonathenaeum.org/digital/collection/p16057coll32/id/81,,,,,,,,,,,,,,,
449,Apothecary,,bosvigilance,,,was located,,,,,,,"According to William Jones’s testimony, the first day he met Anthony Burns, the two made their way around Boston, stopping in various shops where Burns asked for work.","Parker, Theodore D, Edward G Parker, and Seth J Thomas. 1854. Boston Slave Riot, and Trial of Anthony Burns. Boston: Fetridge and Company.",,"Parker, Theodore D, Edward G Parker, and Seth J Thomas. 1854. Boston Slave Riot, and Trial of Anthony Burns. Boston: Fetridge and Company.","William Jones’s testimony in the Anthony Burns case, in which he describes visiting an apothecary with Burns",https://dl.airtable.com/.attachmentThumbnails/29e93db79498e71376b3cb77c35fb1b8/5cb67dee,"https://books.google.com/books?id=gDNcAAAAcAAJ&newbks=1&newbks_redir=0&dq=Boston+Slave+Riot,+and+Trial+of+Anthony+Burns&source=gbs_navlinks_s",City Directory,Boston Atheneum,Boston Directory 1854,https://cdm.bostonathenaeum.org/digital/collection/p16057coll32/id/81,,,,,,,,,,,,,,,
450,Stephen Maddox's Clothing Store,,bosvigilance,,,was located,,,72 Essex St,42.35264259,-71.06005634,"Boston Slave Riot, and Trial of Anthony Burns. : Containing the Report of the Faneuil Hall Meeting, the Murder of Batchelder, Theodore Parker's Lesson for the Day, Speeches of Counsel on Both Sides, Corrected by Themselves, a Verbatim Report of Judge Loring's Decision, and Detailed Account of the Embarkation. 1854. Boston: Fetridge and company.","According to William Jones’s testimony, the first day he met Anthony Burns, the two made their way around Boston, stopping in various shops where Burns asked for work.","Parker, Theodore D, Edward G Parker, and Seth J Thomas. 1854. Boston Slave Riot, and Trial of Anthony Burns. Boston: Fetridge and Company.",,"Parker, Theodore D, Edward G Parker, and Seth J Thomas. 1854. Boston Slave Riot, and Trial of Anthony Burns. Boston: Fetridge and Company.","William Jones’s testimony in the Anthony Burns case, in which he describes visiting Maddox’s clothing store with Burns",https://dl.airtable.com/.attachmentThumbnails/29e93db79498e71376b3cb77c35fb1b8/5cb67dee,"https://books.google.com/books?id=gDNcAAAAcAAJ&newbks=1&newbks_redir=0&dq=Boston+Slave+Riot,+and+Trial+of+Anthony+Burns&source=gbs_navlinks_s",City Directory,Boston Atheneum,Boston Directory 1854,https://cdm.bostonathenaeum.org/digital/collection/p16057coll32/id/81,,,,,,,,,,,,,,,
454,William Bell's Dancing,,bosvigilance,,,was located,,,425 Washington Street,,,"The Boston Directory, 1855.","According to William Jones’s testimony, the first day he met Anthony Burns, the two made their way around Boston, stopping in various shops where Burns asked for work.","Parker, Theodore D, Edward G Parker, and Seth J Thomas. 1854. Boston Slave Riot, and Trial of Anthony Burns. Boston: Fetridge and Company.",,"Parker, Theodore D, Edward G Parker, and Seth J Thomas. 1854. Boston Slave Riot, and Trial of Anthony Burns. Boston: Fetridge and Company.","William Jones’s testimony in the Anthony Burns case, in which he describes going to Bell’s Dancing with Burns",https://dl.airtable.com/.attachmentThumbnails/29e93db79498e71376b3cb77c35fb1b8/5cb67dee,"https://books.google.com/books?id=gDNcAAAAcAAJ&newbks=1&newbks_redir=0&dq=Boston+Slave+Riot,+and+Trial+of+Anthony+Burns&source=gbs_navlinks_s",City Directory,Boston Atheneum,Boston Directory 1854,https://cdm.bostonathenaeum.org/digital/collection/p16057coll32/id/81,,,,,,,,,,,,,,,
9,Rescue of Shadrach Minkins from Court House,,bosvigilance,,Event,occurred,,1851,26 Court Street,42.358947,-71.058838,Mass Moments..,"Shadrach Minkins (c. 1814 – December 13, 1875) was an African-American fugitive slave from Virginia who escaped in 1850 and reached Boston. He also used the pseudonyms Frederick Wilkins and Frederick Jenkins. He is known for being freed from a courtroom in Boston after being captured by United States marshals under the Fugitive Slave Act of 1850. Members of the Boston Vigilance Committee freed and hid him, helping him get to Canada via the Underground Railroad. Minkins settled in Montreal, where he raised a family. Two men were prosecuted in Boston for helping free him, but they were acquitted by the jury.",,,The Liberator,"No Union With Slaveholders! Boston, Feb. 21, 1851: The Arrest--The Rescue--The Flight",https://dl.airtable.com/.attachmentThumbnails/1b28a1612011a8b88a965317891d4af7/84b65dc6,http://fair-use.org/the-liberator/#vol1851,Archival Papers,Massachusetts Historical Society,Dana Family Papers,https://www.masshist.org/collection-guides/view/fa0233,Archival Papers,Massachusetts Historical Society,John A. Andrew Papers,https://www.masshist.org/collection-guides/view/fa0250,,,,,,,,,,,
71,Hayden,Lewis,bosvigilance,clothing,Person,lived,1850,1889,66 Southac St,42.360223,-71.069049,"Wikipedia.. Boston African American National Historic Site.. Kathryn Grover and Janine V. da Silva, ""Historic Resource Study: Boston African American National Historic Site, 31 December 2002."" Discover Underground Railroad History. National Parks Service..","Lewis Hayden (December 2, 1811 – April 7, 1889) escaped slavery in Kentucky with his family and escaped to Canada. He established a school for African Americans before moving to Boston, Massachusetts to aid in the abolition movement. There he became an abolitionist, lecturer, businessman, and politician. Before the American Civil War, he and his wife Harriet Hayden aided numerous fugitive slaves on the Underground Railroad, often sheltering them at their house.",,,Massachusetts Library,Lewis Hayden,https://archives.lib.state.ma.us/bitstream/handle/2452/204459/ocm33284813_1873HouseAlbumPage0011.jpg?sequence=1&isAllowed=y,https://archives.lib.state.ma.us/handle/2452/204459,Archival Papers,State Library,State Library of Massachusetts,https://archives.lib.state.ma.us/,Newspaper,Boston Public Library,The Liberator,https://www.digitalcommonwealth.org/collections/commonwealth:9w032b61n,,,,,,,,,,,
72,Hayden,Lewis,bosvigilance,clothing,Person,worked,,1858,121 Cambridge St,,,"Kathryn Grover and Janine V. da Silva, ""Historic Resource Study: Boston African American National Historic Site, 31 December 2002."" Discover Underground Railroad History. National Parks Service..","Lewis Hayden (December 2, 1811 – April 7, 1889) escaped slavery in Kentucky with his family and escaped to Canada. He established a school for African Americans before moving to Boston, Massachusetts to aid in the abolition movement. There he became an abolitionist, lecturer, businessman, and politician. Before the American Civil War, he and his wife Harriet Hayden aided numerous fugitive slaves on the Underground Railroad, often sheltering them at their house.",,,Massachusetts Library,Lewis Hayden,https://archives.lib.state.ma.us/bitstream/handle/2452/204459/ocm33284813_1873HouseAlbumPage0011.jpg?sequence=1&isAllowed=y,https://archives.lib.state.ma.us/handle/2452/204459,Archival Papers,State Library,State Library of Massachusetts,https://archives.lib.state.ma.us/,Newspaper,Boston Public Library,The Liberator,https://www.digitalcommonwealth.org/collections/commonwealth:9w032b61n,,,,,,,,,,,
443,Arrest of Anthony Burns,,bosvigilance,,Event,occurred,1854,1854,Court Street,42.3588777,-71.05802968,"NPS Boston African American Historic Site: ""God made me a man- not a slave"": The Arrest of Anthony Burns","Following a three-week journey, Burns arrived in Boston in February of 1854. After finding employment in the shop of Coffin Pitts on Brattle Street, Burns wrote a letter to his brother still enslaved in Virginia. Though he had it postmarked from Canada, the letter's contents gave away his location in Boston. Now knowing his whereabouts, Charles Suttle acquired a warrant for Burns' arrest under the Fugitive Slave Law. In the evening of May 24, 1854, a federal marshal arrested Anthony Burns in Boston under the false charge of robbery.","NPS Boston African American Historic Site: ""God made me a man- not a slave"": The Arrest of Anthony Burns",,"Boston Slave Riot, and Trial of Anthony Burns",Announcement of Anthony Burns's Arrest,https://dl.airtable.com/.attachmentThumbnails/a92f7d876018b88ad6b2fc4e1cd5b056/fe53799d,"https://books.google.com/books?id=gDNcAAAAcAAJ&printsec=frontcover&dq=Boston+Slave+Riot,+and+Trial+of+Anthony+Burns&hl=en&newbks=1&newbks_redir=0&sa=X&ved=2ahUKEwjTjPTxo9_2AhWsk4kEHfn4DEkQ6AF6BAhOEAI#v=onepage&q&f=false",Archival Papers,Massachusetts Historical Society,Theodore Parker Papers,https://www.masshist.org/collection-guides/view/fa0283,Archival Papers,Massachusetts Historical Society,Dana Family Papers,https://www.masshist.org/collection-guides/view/fa0233,,,,,,,,,,,
451,Burns Taken from the Court House,,bosvigilance,,Event,occurred,1854,1854,26 Court Street,42.358947,-71.058838,"NPS Boston African American Historic Site: ""God made me a man- not a slave"": The Arrest of Anthony Burns","On June 2, the federal government returned Burns to enslavement. While the presence of hundreds of soldiers marching Anthony Burns down State Street to Long Wharf prevented any attempt at a rescue, over 50,000 people lined the streets to protest. Black drapes hung on buildings and abolitionists strung up a coffin over the street with the word ""Liberty"" inscribed on it, signifying a funeral procession.","NPS Boston African American Historic Site: ""God made me a man- not a slave"": The Arrest of Anthony Burns",,"Stevens, Charles Emery. 1856. Anthony Burns : a History. Boston: John P. Jewett and Co.",Marshal's Posse with Burns Moving Down State Street,https://callisto.ggsrv.com/imgsrv/FastFetch/UBER2/HAR0143900010?legacy=no&format=jpeg,"https://hollis.harvard.edu/primo-explore/search?tab=everything&search_scope=everything&vid=HVD2&lang=en_US&mode=basic&offset=0&query=lsr01,contains,990023750720203941",Archival Papers,Massachusetts Historical Society,Theodore Parker Papers,https://www.masshist.org/collection-guides/view/fa0283,Archival Papers,Massachusetts Historical Society,Dana Family Papers,https://www.masshist.org/collection-guides/view/fa0233,,,,,,,,,,,
423,Burns,Anthony,bosvigilance,,Person,worked,1854,1854,28 Brattle,42.35981,-71.05862,"Charles Stimpson, Jr. Stimpson's Boston Directory, 1836.","Anthony Burns (May 31, 1834 – July 17, 1862) was an African American man who escaped from slavery in Virginia in 1854. His capture and trial in Boston, and transport back to Virginia, generated wide-scale public outrage in the North and, ultimately, increased opposition to slavery by Northerners. He was captured under the Fugitive Slave Act of 1850 and tried in court in Boston. The Fugitive Slave Act was despised and fiercely resisted in Boston, and Burns's case attracted national publicity, including large demonstrations, protests, attacks, and violence. Federal troops were used in the city to ensure Burns was transported without interference to a ship sailing to Virginia post-trial. Burns was eventually ransomed from slavery, with his freedom purchased by Boston sympathizers.",,,Library of Congress,Anthony Burns Cartoon and Portrait,https://npgallery.nps.gov/GetAsset/32f5b651-55ed-457d-8c2e-45b46a5dcc24/proxyhires?,https://www.nps.gov/articles/-god-made-me-a-man-not-a-slave-the-arrest-of-anthony-burns.htm,Archival Papers,Boston Atheneum,Robert Morris Papers,https://cdm.bostonathenaeum.org/digital/collection/p16057coll56,Archival Papers,Massachusetts Historical Society,John A. Andrew Papers,https://www.masshist.org/collection-guides/view/fa0250,Archival Papers,Massachusetts Historical Society,Dana Family Papers,https://www.masshist.org/collection-guides/view/fa0233,Archival Papers,Massachusetts Historical Society,Theodore Parker Papers,https://www.masshist.org/collection-guides/view/fa0283,burns,burns,
8,Protests Over the Kidnapping and Re-enslavement of Anthony Burns,,bosvigilance,,Event,occurred,,1854,,42.359146,-71.054804,Mass Moments..,"Anthony Burns (May 31, 1834 – July 17, 1862) was an African American man who escaped from slavery in Virginia in 1854. His capture and trial in Boston, and transport back to Virginia, generated wide-scale public outrage in the North and, ultimately, increased opposition to slavery by Northerners. He was captured under the Fugitive Slave Act of 1850 and tried in court in Boston. The Fugitive Slave Act was despised and fiercely resisted in Boston, and Burns's case attracted national publicity, including large demonstrations, protests, attacks, and violence. Federal troops were used in the city to ensure Burns was transported without interference to a ship sailing to Virginia post-trial. Burns was eventually ransomed from slavery, with his freedom purchased by Boston sympathizers.",,,Boston Public Library,"""A Man Kidnapped!""",https://npgallery.nps.gov/GetAsset/87840837-b804-4148-b753-ef2bc32a258d/original.jpg?,https://www.nps.gov/articles/-god-made-me-a-man-not-a-slave-the-arrest-of-anthony-burns.htm,,,,,,,,,,,,,,,,,,,
444,Protests at Faneuil Hall,,bosvigilance,,Event,occurred,1854,1854,1 N Market St,42.36004,-71.05624,"NPS Boston African American Historic Site: ""God made me a man- not a slave"": The Arrest of Anthony Burns","Word of Anthony Burns' arrest spread quickly amongst Boston's abolitionist community. Anti-slavery activists called for a mass meeting at Faneuil Hall on May 26 while a smaller group of White and Black militant abolitionists met at Tremont Temple. During the Faneuil Hall meeting, word spread that the group from Tremont Temple had begun an assault on the courthouse in an attempt to free Burns. Using a makeshift battering ram, abolitionists broke down the courthouse's door and began hand to hand fighting with the marshals. The rescue attempt failed, but during the attack an abolitionist fired a pistol, killing one of the federal marshals.","NPS Boston African American Historic Site: ""God made me a man- not a slave"": The Arrest of Anthony Burns",,Boston Public Library,"""A Man Kidnapped!""",https://npgallery.nps.gov/GetAsset/87840837-b804-4148-b753-ef2bc32a258d/original.jpg?,https://www.nps.gov/articles/-god-made-me-a-man-not-a-slave-the-arrest-of-anthony-burns.htm,Archival Papers,Massachusetts Historical Society,Theodore Parker Papers,https://www.masshist.org/collection-guides/view/fa0283,Archival Papers,Massachusetts Historical Society,Dana Family Papers,https://www.masshist.org/collection-guides/view/fa0233,,,,,,,,,,,
441,Reorganization of the Boston Vigilance Committee,,bosvigilance,,Event,occurred,1850,1850,1 N Market St,42.36004,-71.05624,"Kathryn Grover and Janine V. da Silva, ""Historic Resource Study: Boston African American National Historic Site, 31 December 2002."" Discover Underground Railroad History. National Parks Service..","On September 18, 1850, Congress passed the Fugitive Slave Act of 1850, requiring free states to assist with the capture and return of fugitive slaves. On October 4, the Boston Vigilance Committee called a public meeting in Faneuil Hall to discuss how to respond. Noted abolitionists Frederick Douglass and Theodore Parker addressed the crowd, which was one of the largest ever convened in the hall. This meeting is often referred to as the first or founding meeting. Presumably, many new members were unaware of the original committee's existence.[10]",Wikipedia,,Cape Cod Community College,Boston Vigilance Committee October 1850 Meeting,https://www.nps.gov/articles/000/images/VigilanceCommittee-FHMeetingExpense1850-cropped2.jpg?maxwidth=650&autorotate=false&quality=78&format=webp,https://www.nps.gov/articles/000/faneuil-hall-and-boston-vigilance-committees.htm,Newspaper,Boston Public Library,The Liberator,https://www.digitalcommonwealth.org/collections/commonwealth:9w032b61n,,,,,,,,,,,,,,,
445,Protests at Tremont Temple,,bosvigilance,,Event,occurred,1854,1854,88 Tremont St,42.35758678,-71.06070853,"NPS Boston African American Historic Site: ""God made me a man- not a slave"": The Arrest of Anthony Burns","Word of Anthony Burns' arrest spread quickly amongst Boston's abolitionist community. Anti-slavery activists called for a mass meeting at Faneuil Hall on May 26 while a smaller group of White and Black militant abolitionists met at Tremont Temple. During the Faneuil Hall meeting, word spread that the group from Tremont Temple had begun an assault on the courthouse in an attempt to free Burns. Using a makeshift battering ram, abolitionists broke down the courthouse's door and began hand to hand fighting with the marshals. The rescue attempt failed, but during the attack an abolitionist fired a pistol, killing one of the federal marshals.","NPS Boston African American Historic Site: ""God made me a man- not a slave"": The Arrest of Anthony Burns",,Harvard Library,Tremont Temple,https://iiif.lib.harvard.edu/manifests/ids:1042518,"https://hollis.harvard.edu/primo-explore/fulldisplay?docid=HVD_VIAolvsite14755&context=L&vid=HVD2&lang=en_US&search_scope=everything&adaptor=Local%20Search%20Engine&tab=everything&query=any,contains,tremont%20temple&offset=0",Archival Papers,Massachusetts Historical Society,Theodore Parker Papers,https://www.masshist.org/collection-guides/view/fa0283,Archival Papers,Massachusetts Historical Society,Dana Family Papers,https://www.masshist.org/collection-guides/view/fa0233,,,,,,,,,,,
5,George Latimer Case,,bosvigilance,,Event,occurred,,1842,,42.358947,-71.058838,Wikipedia.,"George Washington Latimer (July 4, 1819 – May 29, 1897) was an escaped slave whose case became a major political issue in Massachusetts.",,,Massachusetts Historical Society,The Latimer and Great Massachusetts Petition,https://dl.airtable.com/.attachmentThumbnails/822eb34e238452247b885d41445f8d3f/1e60a9a3,https://www.masshist.org/database/viewer.php?item_id=1683,Archival Papers,Massachusetts Historical Society,Massachusetts Historical Society Collections Online,https://www.masshist.org/,,,,,,,,,,,,,,,
53,Craft,Ellen,bosvigilance,,Person,lived,,1850,66 Southac St,42.360223,-71.069049,"Kathryn Grover and Janine V. da Silva, ""Historic Resource Study: Boston African American National Historic Site, 31 December 2002."" Discover Underground Railroad History. National Parks Service..","Ellen Craft (1826–1891) and William Craft (September 25, 1824 – January 29, 1900) were American fugitives who were born and enslaved in Macon, Georgia. They escaped to the North in December 1848 by traveling by train and steamboat, arriving in Philadelphia on Christmas Day. Ellen crossed the boundaries of race, class and gender by passing as a white male planter with William posing as her personal servant. Their daring escape was widely publicized, making them among the most famous of fugitives from slavery. Abolitionists featured them in public lectures to gain support in the struggle to end the institution.",Wikipedia,,Mary Evans Picture Library,Image of Ellen Craft wearing the disguise she donned to escape to freedom.,https://www.history.com/.image/t_share/MTcwNzg3NzY2NTk3MDY4MDM4/ellen-craft-hism115_vv172.jpg,https://www.maryevans.com/search.php?prv=preview&job=5222191&itm=1&pic=10015391&row=1,,,,,,,,,,,,,,,,,,,
96,Nell,William Cooper,bosvigilance,,Person,lived,1824,1825,27 Belknap,,,"Kathryn Grover and Janine V. da Silva, ""Historic Resource Study: Boston African American National Historic Site, 31 December 2002."" Discover Underground Railroad History. National Parks Service..","William Cooper Nell (December 16, 1816 – May 25, 1874) was an African-American abolitionist, journalist, publisher, author, and civil servant of Boston, Massachusetts, who worked for the integration of schools and public facilities in the state. Writing for abolitionist newspapers The Liberator and The North Star, he helped publicize the anti-slavery cause. He also helped found the New England Freedom Association in the early 1840s, and later the Committee of Vigilance, to aid refugee slaves. ",,,Portraits of American Abolitionists,Portrait of William C. Nell,https://www.masshist.org/database/images/81_483_wcnell_ref.jpg,https://www.masshist.org/collection-guides/view/fap014,Archival Papers,Massachusetts Historical Society,William Lloyd Garrison Papers,https://www.masshist.org/collection-guides/view/fa0278,Newspaper,Boston Public Library,The Liberator,https://www.digitalcommonwealth.org/collections/commonwealth:9w032b61n,,,,,,,,,,,
95,Nell,William Cooper,bosvigilance,,Person,lived,1821,1823,20 Belknap,42.36049,-71.06505,"Kathryn Grover and Janine V. da Silva, ""Historic Resource Study: Boston African American National Historic Site, 31 December 2002."" Discover Underground Railroad History. National Parks Service..","William Cooper Nell (December 16, 1816 – May 25, 1874) was an African-American abolitionist, journalist, publisher, author, and civil servant of Boston, Massachusetts, who worked for the integration of schools and public facilities in the state. Writing for abolitionist newspapers The Liberator and The North Star, he helped publicize the anti-slavery cause. He also helped found the New England Freedom Association in the early 1840s, and later the Committee of Vigilance, to aid refugee slaves. ",,,Portraits of American Abolitionists,Portrait of William C. Nell,https://www.masshist.org/database/images/81_483_wcnell_ref.jpg,https://www.masshist.org/collection-guides/view/fap014,Archival Papers,Massachusetts Historical Society,William Lloyd Garrison Papers,https://www.masshist.org/collection-guides/view/fa0278,Newspaper,Boston Public Library,The Liberator,https://www.digitalcommonwealth.org/collections/commonwealth:9w032b61n,,,,,,,,,,,
97,Nell,William Cooper,bosvigilance,,Person,lived,1825,1828,9 Second St,42.36535,-71.06705,"Kathryn Grover and Janine V. da Silva, ""Historic Resource Study: Boston African American National Historic Site, 31 December 2002."" Discover Underground Railroad History. National Parks Service..","William Cooper Nell (December 16, 1816 – May 25, 1874) was an African-American abolitionist, journalist, publisher, author, and civil servant of Boston, Massachusetts, who worked for the integration of schools and public facilities in the state. Writing for abolitionist newspapers The Liberator and The North Star, he helped publicize the anti-slavery cause. He also helped found the New England Freedom Association in the early 1840s, and later the Committee of Vigilance, to aid refugee slaves. ",,,Portraits of American Abolitionists,Portrait of William C. Nell,https://www.masshist.org/database/images/81_483_wcnell_ref.jpg,https://www.masshist.org/collection-guides/view/fap014,Archival Papers,Massachusetts Historical Society,William Lloyd Garrison Papers,https://www.masshist.org/collection-guides/view/fa0278,Newspaper,Boston Public Library,The Liberator,https://www.digitalcommonwealth.org/collections/commonwealth:9w032b61n,,,,,,,,,,,
98,Nell,William Cooper,bosvigilance,,Person,lived,1829,,Bridge St,,,"Kathryn Grover and Janine V. da Silva, ""Historic Resource Study: Boston African American National Historic Site, 31 December 2002."" Discover Underground Railroad History. National Parks Service..","William Cooper Nell (December 16, 1816 – May 25, 1874) was an African-American abolitionist, journalist, publisher, author, and civil servant of Boston, Massachusetts, who worked for the integration of schools and public facilities in the state. Writing for abolitionist newspapers The Liberator and The North Star, he helped publicize the anti-slavery cause. He also helped found the New England Freedom Association in the early 1840s, and later the Committee of Vigilance, to aid refugee slaves. ",,,Portraits of American Abolitionists,Portrait of William C. Nell,https://www.masshist.org/database/images/81_483_wcnell_ref.jpg,https://www.masshist.org/collection-guides/view/fap014,Archival Papers,Massachusetts Historical Society,William Lloyd Garrison Papers,https://www.masshist.org/collection-guides/view/fa0278,Newspaper,Boston Public Library,The Liberator,https://www.digitalcommonwealth.org/collections/commonwealth:9w032b61n,,,,,,,,,,,
94,Nell,William Cooper,bosvigilance,,Person,lived,,1874,,42.336359,-71.082461,"Wikipedia.. Kathryn Grover and Janine V. da Silva, ""Historic Resource Study: Boston African American National Historic Site, 31 December 2002."" Discover Underground Railroad History. National Parks Service..","William Cooper Nell (December 16, 1816 – May 25, 1874) was an African-American abolitionist, journalist, publisher, author, and civil servant of Boston, Massachusetts, who worked for the integration of schools and public facilities in the state. Writing for abolitionist newspapers The Liberator and The North Star, he helped publicize the anti-slavery cause. He also helped found the New England Freedom Association in the early 1840s, and later the Committee of Vigilance, to aid refugee slaves. ",,64 Kendall St according to death record: https://www.ancestrylibrary.com/imageviewer/collections/2495/images/40902_264123__0120-00309,Portraits of American Abolitionists,Portrait of William C. Nell,https://www.masshist.org/database/images/81_483_wcnell_ref.jpg,https://www.masshist.org/collection-guides/view/fap014,Archival Papers,Massachusetts Historical Society,William Lloyd Garrison Papers,https://www.masshist.org/collection-guides/view/fa0278,Newspaper,Boston Public Library,The Liberator,https://www.digitalcommonwealth.org/collections/commonwealth:9w032b61n,,,,,,,,,,,
106,Pitts,Coffin,"bosvigilance,dwappeal",clothing,Person,lived,1835,1871,18 Belknap,42.36049,-71.06502,"Kathryn Grover and Janine V. da Silva, ""Historic Resource Study: Boston African American National Historic Site, 31 December 2002."" Discover Underground Railroad History. National Parks Service..","Coffin Pitts lived at this site from 1835 until his death in 1871. Pitts served in the Massachusetts General Colored Association, an early Black abolitionist organization, and assisted freedom seekers on the Underground Railroad. For example, Pitts’ harbored Anthony Burns in his home prior to Burns’ arrest in May 1854.",NPS Boston Site of the Coffin Pitts House,,"https://books.google.com/books?id=gDNcAAAAcAAJ&printsec=frontcover&dq=Boston+Slave+Riot,+and+Trial+of+Anthony+Burns&hl=en&newbks=1&newbks_redir=0&sa=X&ved=2ahUKEwjTjPTxo9_2AhWsk4kEHfn4DEkQ6AF6BAhOEAI#v=onepage&q&f=false",Description of the relationship between Coffin Pitts and Anthony Burns,https://dl.airtable.com/.attachmentThumbnails/18c3236adc157dbc31ee1c34f16fa558/b7f3f5f1,"https://books.google.com/books?id=gDNcAAAAcAAJ&printsec=frontcover&dq=Boston+Slave+Riot,+and+Trial+of+Anthony+Burns&hl=en&newbks=1&newbks_redir=0&sa=X&ved=2ahUKEwjTjPTxo9_2AhWsk4kEHfn4DEkQ6AF6BAhOEAI#v=onepage&q&f=false",,,,,,,,,,,,,,,,,,,
111,Putnam,George,robertsvcob,hairdresser,Person,worked,1837,1847,14 School St,,,"Kathryn Grover and Janine V. da Silva, ""Historic Resource Study: Boston African American National Historic Site, 31 December 2002."" Discover Underground Railroad History. National Parks Service..","George Putnam was a hairdresser who lived on Beacon Hill. As an abolitionist and supporter of William Lloyd Garrison, Putnam was an active advocate for the end of segregation in Boston's schools.",https://buildingsofnewengland.com/tag/george-putnam/,,Buildings of New England,Present-day image of the Putnam-Johnson House,https://buildingsofnewengland.files.wordpress.com/2021/02/img_8901.jpg?w=1536,https://buildingsofnewengland.com/2021/02/11/putman-johnson-house-1827/,,,,,,,,,,,,,,,,,,,
421,Putnam-Johnson House,,robertsvcob,,Place,is,1826,1904,69 Joy Street,42.36054,-71.06496,"Kathryn Grover and Janine V. da Silva, ""Historic Resource Study: Boston African American National Historic Site, 31 December 2002."" Discover Underground Railroad History. National Parks Service..","This home belonged to two important figures in the Black community. One was George Putman, who held meetings at his home, where he may have also hosted a gathering to discuss the founding of a college for African Americans, as Putnam valued education and advocated to integrate Boston’s schools. In 1853, Putnam sold the house to Robert Johnson, a freedom-seeker who escaped to Canada from Virginia, before settling in Boston in the 1830s. Based on his activism and associates, Johnson likely assisted freedom seekers; he served as a deacon at Twelfth Baptist Church, also known as the “Fugitives’ Slaves Church.”",https://buildingsofnewengland.com/tag/george-putnam/,,Buildings of New England,Present-day image of the Putnam-Johnson House,https://buildingsofnewengland.files.wordpress.com/2021/02/img_8901.jpg?w=1536,https://buildingsofnewengland.com/2021/02/11/putman-johnson-house-1827/,,,,,,,,,,,,,,,,,,,
118,Roberts,Benjamin,robertsvcob,,Person,lived,,1881,,42.365543,-71.067029,"Wikipedia.. Boston African American National Historic Site.. Kathryn Grover and Janine V. da Silva, ""Historic Resource Study: Boston African American National Historic Site, 31 December 2002."" Discover Underground Railroad History. National Parks Service..","Benjamin F. Roberts (September 4, 1815 – September 6, 1881) was an African-American printer, writer, activist and abolitionist in Boston, Massachusetts, whose famous case on behalf of his daughter, Sarah Roberts v. Boston, resulted in a verdict that laid the foundation for ""separate but equal"", but was also cited in the landmark 1954 case Brown vs. Board of Education. Despite losing his case seeking access to schools near his home for his 5-year-old daughter at the Massachusetts Supreme Court, he was successful in 1855 bringing the issue to the state legislature.",Wikipedia,45 Barton st according to 1881 death record: https://www.ancestrylibrary.com/imageviewer/collections/2101/images/41262_b139292-00216,Massachusetts Supreme Judicial Court Archives.,Writ initiating Roberts v. City of Boston,https://www.bc.edu/content/dam/bc1/schools/law/top-bar/current-students/library/special-collections/rare-book-room/exhibits/robert-morris-site/desegregation_carousel_1_small.jpg,https://www.bc.edu/content/bc-web/schools/law/sites/students/library/special-collections/robert-morris/morris-and-the-early-civil-rights-movement.html,,,,,,,,,,,,,,,,,,,
431,Massachusetts abolishes school segregation,,robertsvcob,,Event,occurred,1855,1855,26 Court Street,42.358947,-71.058838,US National Park Service,"In 1855, due to the work of many dedicated activists, including Benjamin Roberts and William C. Nell, the Massachusetts legislature outlawed public school segregation in a significant and widely celebrated win for the equal schools movement.",https://www.nps.gov/articles/the-sarah-roberts-case.htm,,,Chapter 256 of the Massachusetts Acts of 1855,https://www.bc.edu/content/bc-web/schools/law/sites/students/library/special-collections/robert-morris/morris-and-the-early-civil-rights-movement/_jcr_content/bottompar/bc_tabbed_content/tab-0/bc_padded_section_487119491/par/bc_padded_section/par/bc_image_content_1563693612/image.img.jpg/1626876769241.jpg,https://www.bc.edu/content/bc-web/schools/law/sites/students/library/special-collections/robert-morris/morris-and-the-early-civil-rights-movement.html,Proceedings,Harvard Library,"Triumph of equal school rights in Boston: proceedings of the presentation meeting held in Boston, Dec. 17, 1855 :","https://hollis.harvard.edu/primo-explore/fulldisplay?docid=TN_cdi_globaltitleindex_catalog_77819545&context=PC&vid=HVD2&lang=en_US&search_scope=everything&adaptor=primo_central_multiple_fe&tab=everything&query=any,contains,school%20segregation%20boston&facet=searchcreationdate,include,1840%7C,%7C1860&offset=0",,,,,,,,,,,,,,,
430,Roberts v City of Boston,,robertsvcob,,Event,occurred,1849,1850,26 Court Street,42.358947,-71.058838,US National Park Service,"Roberts v. Boston, 59 Mass. (5 Cush.) 198 (1850), was a court case seeking to end racial discrimination in Boston public schools. The Massachusetts Supreme Judicial Court ruled in favor of Boston, finding no constitutional basis for the suit. The case was later cited by the US Supreme Court in Plessy v. Ferguson, which established the ""separate but equal"" standard. ",Wikipedia,,Massachusetts Supreme Judicial Court Archives.,Writ initiating Roberts v. City of Boston,https://www.bc.edu/content/dam/bc1/schools/law/top-bar/current-students/library/special-collections/rare-book-room/exhibits/robert-morris-site/desegregation_carousel_1_small.jpg,https://www.bc.edu/content/bc-web/schools/law/sites/students/library/special-collections/robert-morris/morris-and-the-early-civil-rights-movement.html,Archival Papers,Boston Atheneum,Robert Morris Papers,https://cdm.bostonathenaeum.org/digital/collection/p16057coll56,,Massachusetts Supreme Judicial Court Archives.,,,,,,,,,,,,,
122,Roberts,Benjamin,robertsvcob,,Person,lived,1847,,3 Andover St,42.36532,-71.06252,"Kathryn Grover and Janine V. da Silva, ""Historic Resource Study: Boston African American National Historic Site, 31 December 2002."" Discover Underground Railroad History. National Parks Service..","Benjamin F. Roberts (September 4, 1815 – September 6, 1881) was an African-American printer, writer, activist and abolitionist in Boston, Massachusetts, whose famous case on behalf of his daughter, Sarah Roberts v. Boston, resulted in a verdict that laid the foundation for ""separate but equal"", but was also cited in the landmark 1954 case Brown vs. Board of Education. Despite losing his case seeking access to schools near his home for his 5-year-old daughter at the Massachusetts Supreme Court, he was successful in 1855 bringing the issue to the state legislature.",,,Massachusetts Supreme Judicial Court Archives.,Writ initiating Roberts v. City of Boston,https://www.bc.edu/content/dam/bc1/schools/law/top-bar/current-students/library/special-collections/rare-book-room/exhibits/robert-morris-site/desegregation_carousel_1_small.jpg,https://www.bc.edu/content/bc-web/schools/law/sites/students/library/special-collections/robert-morris/morris-and-the-early-civil-rights-movement.html,,Massachusetts Supreme Judicial Court Archives.,,,,,,,,,,,,,,,,,
429,Primary School Committee denies Putnam petition,,robertsvcob,,Event,occurred,1846,1846,,,,,"Signed by over 80 members of Boston’s African American community, this petition advocates for equal schooling for both Black and White schoolchildren in Boston. Black leaders, including William C. Nell, organized petition drives in the 1840s and early 1850s as they tried various methods to push the Primary School Committee to integrate schools.",1846 Petition to Primary School Committee,,Museum of African American History,1846 Petition to Primary School Committee,https://smithcourtstories.org/wp-content/uploads/2020/06/Screen-Shot-2020-06-26-at-4.32.19-PM.png,https://artsandculture.google.com/partner/museum-of-african-american-history-boston-nantucket?hsctatracking=ed5ad31d-20af-4f02-9010-cea9c2757d91%7C514220b2-26fe-4b1c-8c76-2502b0d403d3,,,,,,,,,,,,,,,,,,,
11,Abiel Smith School,,robertsvcob,,Organization,met,1834,1855,46 Belknap Street,42.360015,-71.065153,"Wikipedia.. Boston African American National Historic Site.. Kathryn Grover and Janine V. da Silva, ""Historic Resource Study: Boston African American National Historic Site, 31 December 2002."" Discover Underground Railroad History. National Parks Service..","The Abiel Smith School opened in 1835 as a segregated school for Black children in Boston. Overcrowded and underfunded, the Smith School also provided a focal point in the Black community’s struggle for equal school rights in 19th century Boston.",https://www.nps.gov/places/abiel-smith-school.htm,,Museum of African American History,"Sketch of the Abiel Smith School, 1849",https://smithcourtstories.org/wp-content/uploads/2020/06/Smith-School-Boston-Almanac-1849-mod-960x0-c-default.jpg,https://smithcourtstories.org/equal-education/,Newspaper,Boston Public Library,The Liberator,https://www.digitalcommonwealth.org/collections/commonwealth:9w032b61n,,,,,,,,,,,,,,,
141,Sumner,Charles,robertsvcob,,Person,lived,1829,1867,20 Hancock St,42.3604,-71.06435,"Kathryn Grover and Janine V. da Silva, ""Historic Resource Study: Boston African American National Historic Site, 31 December 2002."" Discover Underground Railroad History. National Parks Service..","Charles Sumner, a white abolitionist, served alongside Robert Morris, one of the first Black lawyers, in representing Benjamin and Sarah Roberts in their suit to end segregated schools.",https://americanhistory.si.edu/brown/history/2-battleground/pursuit-equality-1.html,,Houghton Library,"Argument of Charles Sumner, Esq., Against the Constitutionality of Separate Colored Schools",https://dl.airtable.com/.attachmentThumbnails/a696e4d29d9a8932c349f8d97ea64a69/4a335224.png,https://hollis.harvard.edu/primo-explore/fulldisplay?docid=TN_cdi_globaltitleindex_catalog_21771395&context=L&vid=HVD2&lang=en_US,,,,,,,,,,,,,,,,,,,
424,Morris,Robert,"robertsvcob,bosvigilance",lawyer,Person,worked,1838,,27 State Street,42.35856546,-71.05706141,Robert Morris's Boston,"Robert Morris (1823-1882) was the second Black lawyer in the United States. During the 1840s and 1850s he played an integral part in the anti-slavery and civil-rights efforts in Boston. Born in Salem, Massachusetts in 1823, Morris was the grandson of an enslaved man, and both of his parents were involved in Black organizations in Salem in the early nineteenth century. While working in the home of John G. King as a teenager, Morris met the lawyer and abolitionist Ellis Gray Loring, who hired him as a copyist, and under whom he studied law. Morris was admitted to the Massachusetts bar in 1847, and would work on a number of cases defending the interests of Black people, including freed and fugitive enslaved people, in the courts. Early in his career, Morris worked alongside Charles Sumner to desegregate Boston schools in the case Roberts V. the City of Boston. Although Lemuel Shaw and the Supreme Judicial Court ruled against Roberts, Morris and others continued to work, leading to an 1855 state law banning segregated schools. Morris was an active abolitionist and worked to defend Black people from the Fugitive Slave Law of 1850, both in the courtroom, such as in his defense of formerly enslaved people Anthony Burns and Shadrach Minkins, and outside of the court room, in his work with the Boston Vigilance Committee, an abolitionist group which worked in concert with the Underground Railroad to aid and protect fugitives from slavery. In the 1850s, Morris petitioned the Massachusetts legislature to charter an African-American militia, the Massasoit Guards, to protect Black residents from the Fugitive Slave Law, and to integrate the state’s militias by striking the word “white” from the militia law. Although the charter for the Massasoit Guards was never granted, the group served as a precursor to the 54th Massachusetts regiment.",https://cdm.bostonathenaeum.org/digital/collection/p16057coll56,,Social Law Library,Portrait of Robert Morris,https://www.nps.gov/common/uploads/cropped_image/primary/D3E2752F-98DC-608A-2A9F076DF90E2FFD.jpg?width=600&quality=90&mode=crop,,Archival Papers,Boston Atheneum,Robert Morris Papers,https://cdm.bostonathenaeum.org/digital/collection/p16057coll56,,,,,,,,,,,,,,,
99,Nell,William Cooper,"robertsvcob,bosvigilance",,Person,lived,1850,1857,3 Smith Court,42.36011,-71.06538,"Kathryn Grover and Janine V. da Silva, ""Historic Resource Study: Boston African American National Historic Site, 31 December 2002."" Discover Underground Railroad History. National Parks Service..","William Cooper Nell (December 16, 1816 – May 25, 1874) was an African-American abolitionist, journalist, publisher, author, and civil servant of Boston, Massachusetts, who worked for the integration of schools and public facilities in the state. Writing for abolitionist newspapers The Liberator and The North Star, he helped publicize the anti-slavery cause. He also helped found the New England Freedom Association in the early 1840s, and later the Committee of Vigilance, to aid refugee slaves. ",Wikipedia,,Portraits of American Abolitionists,Portrait of William C. Nell,https://www.masshist.org/database/images/81_483_wcnell_ref.jpg,https://www.masshist.org/collection-guides/view/fap014,,,,,,,,,,,,,,,,,,,
425,Morris,Robert,"robertsvcob,bosvigilance",lawyer,Person,lived,1846,1869,"28 Williams Street, Chelsea",42.38832055,-71.03991352,Robert Morris's Boston,"Robert Morris (1823-1882) was the second Black lawyer in the United States. During the 1840s and 1850s he played an integral part in the anti-slavery and civil-rights efforts in Boston. Born in Salem, Massachusetts in 1823, Morris was the grandson of an enslaved man, and both of his parents were involved in Black organizations in Salem in the early nineteenth century. While working in the home of John G. King as a teenager, Morris met the lawyer and abolitionist Ellis Gray Loring, who hired him as a copyist, and under whom he studied law. Morris was admitted to the Massachusetts bar in 1847, and would work on a number of cases defending the interests of Black people, including freed and fugitive enslaved people, in the courts. Early in his career, Morris worked alongside Charles Sumner to desegregate Boston schools in the case Roberts V. the City of Boston. Although Lemuel Shaw and the Supreme Judicial Court ruled against Roberts, Morris and others continued to work, leading to an 1855 state law banning segregated schools. Morris was an active abolitionist and worked to defend Black people from the Fugitive Slave Law of 1850, both in the courtroom, such as in his defense of formerly enslaved people Anthony Burns and Shadrach Minkins, and outside of the court room, in his work with the Boston Vigilance Committee, an abolitionist group which worked in concert with the Underground Railroad to aid and protect fugitives from slavery. In the 1850s, Morris petitioned the Massachusetts legislature to charter an African-American militia, the Massasoit Guards, to protect Black residents from the Fugitive Slave Law, and to integrate the state’s militias by striking the word “white” from the militia law. Although the charter for the Massasoit Guards was never granted, the group served as a precursor to the 54th Massachusetts regiment.",https://cdm.bostonathenaeum.org/digital/collection/p16057coll56,"Lived outside Boston, in Chelsea",Boston Atheneum,Portrait of Robert Morris,https://cdm.bostonathenaeum.org/digital/api/singleitem/image/p16057coll52/92/default.jpg,https://cdm.bostonathenaeum.org/digital/collection/p16057coll52/id/93/rec/33,Archival Papers,Boston Atheneum,Robert Morris Papers,https://cdm.bostonathenaeum.org/digital/collection/p16057coll56,,,,,,,,,,,,,,,
384,African Street House,,"robertsvcob,bosvigilance",,Place,was built,1806,,8 Smith Ct,42.359983,-71.065481,Wikipedia..,"In addition to serving as a spiritual and religious center for the community, the African Meeting House provided an integral gathering space for the cultural, educational, and political life of Boston’s Black community. The African School held classes in a room on the first floor of the meeting house from 1808 until 1835, when it moved into the new Abiel Smith School. Classes returned to the meeting house in 1849 when many African Americans chose to withdraw their children from the Smith School to protest segregated education.",https://www.nps.gov/boaf/learn/historyculture/amh.htm,"Other names: African Church, Belknap Street Church, First African Baptist Church, First Independent Baptist Church",Massachusetts Historical Society,1892 Photograph of the African Street House,blob:null/a5e48cb9-1cc3-4cb8-a1f0-e56e2095f19f,https://www.masshist.org/database/1684,,,,,,,,,,,,,,,,,,,
145,Walker,David,dwappeal,,Person,lived,1827,1829,8 Belknap St,42.360792,-71.065015,"Wikipedia.. Kathryn Grover and Janine V. da Silva, ""Historic Resource Study: Boston African American National Historic Site, 31 December 2002."" Discover Underground Railroad History. National Parks Service..","When David Walker wrote the first edition of An Appeal to the Colored Citizens of the World, he lived on Belknap Street on Beacon Hill with many other prominent figures. Fellow Massachusetts General Colored Association members George B. Holmes and John T Hilton were among Walker's neighbors, as was the reverend of his church, Samuel Snowden.",,8 Belknap Street is now 81 Joy Street,Harvard Library,Cover page of Walker’s Appeal,https://ids.lib.harvard.edu/ids/iiif/486018377/full/full/0/default.jpg,https://curiosity.lib.harvard.edu/slavery-abolition-emancipation-and-freedom/catalog/74-990072339890203941,,,,,,,,,,,,,,,,,,,
428,Sale of Productions of Mrs. Maria W. Stewart,,dwappeal,,Event,occurred,1835,1835,21 Cornhill,42.359123,-71.057659,The Women's Print History Project,"In 1835, Productions of Mrs. Maria W. Stewart: presented to the First African Baptist Church & Society of the city of Boston, a collection of Maria Stewart's essays and public lectures, was published then sold at the Massachusetts Anti-Slavery Society. Stewart had made history by being the first black female speaker. In Productions, Stewart shared her gratitude for the “most noble, fearless, and undaunted David Walker” (Productions 5)",,46 Washington St,The Women’s Print History Project,Title page of Productions of Mrs. Maria W. Stewart,https://womensprinthistoryproject.com/editor/upload/image/productionstitle_6ZzD51wPZCgM58-l.png,https://womensprinthistoryproject.com/title/14228,Blog Post,The Women's Print History Project,"Maria W. Stewart, Activist for ""African rights and liberty""",https://womensprinthistoryproject.com/blog/post/29,Newspaper,Fair Use Repository,The Liberator,http://fair-use.org/the-liberator/,,,,,,,,,,,
30,Revere Street Methodist Episcopal Church,,dwappeal,,Organization,met,1823,1834,,42.359589,-71.069324,"Boston African American National Historic Site.. Kathryn Grover and Janine V. da Silva, ""Historic Resource Study: Boston African American National Historic Site, 31 December 2002."" Discover Underground Railroad History. National Parks Service..","In the early 1800s, a number of African Americans were attending the Bromfield Street Methodist Episcopal Church. In 1818, this church helped to establish a separate black Methodist church by hiring the Rev. Samuel Snowden. This church became known as the Revere Street Methodist Episcopal Church. They met at various locations until a building was purchased by the New England Methodist Conference on Revere (originally May) Street in 1823. This church moved in 1835 to a larger building on Revere Street. The Rev. Snowden, like the ministers who followed him, was actively engaged in antislavery activities. David Walker, antislavery advocate and author of the Appeal to the Coloured Citizens of the World and Expressly to the Coloured Citizens of the United States, was also a member of this church. The Revere Street Church building, which was owned by the Bromfield Street Church, was sold in 1903, and the Revere Street Church was left without a place to meet. They moved into a church in the South End in 1911 and again into another building in 1949. This church remains today on Columbus Avenue and is known as the Union United Methodist Church.",National Park Service,"Black congregants were given their own local pastor (Samuel Snowden) in 1818, and their own church on May Street in 1823, under the sponsorship of Bromfield, who built a larger facility on Revere Street in 1835 for the black congregation",,,,,Archival Papers,Boston University School of Theology Library,"Massachusetts Church Historical Files, Folder 73",https://sth-archon.bu.edu/?p=collections/findingaid&id=760&q=&rootcontentid=27126#id27126,Archival Papers,Boston University School of Theology Library,Zion's Herald and Other Newspapers,https://www.bu.edu/sthlibrary/archives/neccah/zions-herald-and-other-newspapers/,,,,,,,,,,,
144,Walker,David,dwappeal,,Person,lived,,1826,,42.36018,-71.06942,"Wikipedia.. Kathryn Grover and Janine V. da Silva, ""Historic Resource Study: Boston African American National Historic Site, 31 December 2002."" Discover Underground Railroad History. National Parks Service..","After arriving in Boston in 1825, famed abolitionist David Walker lived in a boardinghouse on Southac Street, according to spring 1826 tax record. Walker, best known for writing An Appeal to the Colored Citizens of the World, lived in the boardinghouse alongside fellow Massachusetts General Colored Association member Coffin Pitts.",,"""Tax records from spring 1826 locate him—with Coffin Pitts, soon to be his neighbor on Belknap Street—in a boardinghouse run by Samuel Guild on Southac Street between Grove and West Cedar"" Kathryn Grover and Janine V. da Silva ""Historic Resource Study Boston African American National Historic Site,"" 31 December 2002.",Harvard Library,Cover page of Walker’s Appeal,https://ids.lib.harvard.edu/ids/iiif/486018377/full/full/0/default.jpg,https://curiosity.lib.harvard.edu/slavery-abolition-emancipation-and-freedom/catalog/74-990072339890203941,,,,,,,,,,,,,,,,,,,
146,Walker,David,dwappeal,,Person,lived,1829,1830,,,,"Wikipedia.. Kathryn Grover and Janine V. da Silva, ""Historic Resource Study: Boston African American National Historic Site, 31 December 2002."" Discover Underground Railroad History. National Parks Service..","David Walker (September 28, 1796 – August 6, 1830) was an American abolitionist, writer, and anti-slavery activist. Though his father was enslaved, his mother was free; therefore, he was free as well (partus sequitur ventrem). In 1829, while living in Boston, Massachusetts, with the assistance of the African Grand Lodge (later named Prince Hall Grand Lodge, Jurisdiction of Massachusetts), he published An Appeal to the Colored Citizens of the World, a call for black unity and a fight against slavery.",,"""by the spring of 1829 he had moved to Bridge (now North Anderson) Street, on the north""",Harvard Library,Cover page of Walker’s Appeal,https://ids.lib.harvard.edu/ids/iiif/486018377/full/full/0/default.jpg,https://curiosity.lib.harvard.edu/slavery-abolition-emancipation-and-freedom/catalog/74-990072339890203941,,,,,,,,,,,,,,,,,,,
434,Frederick,Brinsley,dwappeal,clothing store,Person,worked,,1831,34 Brattle Street,,,"Arkin, Marc M. 2016. ““A Convenient Seat in God's Temple”:1 The Massachusetts General Colored Association and the Park Street Church Pew Controversy of 1830.” The New England Quarterly 89 (1): 6–53. https://doi.org/10.1162/TNEQ_a_00511.","Frederick Brinsley was the participant in the Park Street Pew Incident which David Walker spoke out against in the third edition of the Appeal. Additionally, he owned a clothing store near Walker's.","Arkin, Marc M. 2016. ““A Convenient Seat in God's Temple”:1 The Massachusetts General Colored Association and the Park Street Church Pew Controversy of 1830.” The New England Quarterly 89 (1): 6–53. https://doi.org/10.1162/TNEQ_a_00511.",,Bostonian Society,"1855 photograph of Brattle Street, where Frederick Brinsley and David Walker each owned a clothing store in the early 19th century",https://upload.wikimedia.org/wikipedia/commons/thumb/4/46/1855_BrattleSt_BostonianSociety.png/440px-1855_BrattleSt_BostonianSociety.png,https://en.wikipedia.org/wiki/Brattle_Street_(Boston),,,,,,,,,,,,,,,,,,,
435,John,Eli,dwappeal,clothing store,Person,worked,,,38 Brattle Street,,,"Arkin, Marc M. 2016. ““A Convenient Seat in God's Temple”:1 The Massachusetts General Colored Association and the Park Street Church Pew Controversy of 1830.” The New England Quarterly 89 (1): 6–53. https://doi.org/10.1162/TNEQ_a_00511.","In February of 1828, David Walker, John Scarlett, and John Eli, all of whom dealt used clothes on Brattle Street, were ""arrested, tried, and eventually acquitted for dealing in stolen property.""","Arkin, Marc M. 2016. ““A Convenient Seat in God's Temple”:1 The Massachusetts General Colored Association and the Park Street Church Pew Controversy of 1830.” The New England Quarterly 89 (1): 6–53. https://doi.org/10.1162/TNEQ_a_00511.",,Bostonian Society,"1855 photograph of Brattle Street, where John Eli and David Walker each owned a clothing store in the early 19th century",https://upload.wikimedia.org/wikipedia/commons/thumb/4/46/1855_BrattleSt_BostonianSociety.png/440px-1855_BrattleSt_BostonianSociety.png,https://en.wikipedia.org/wiki/Brattle_Street_(Boston),,,,,,,,,,,,,,,,,,,
436,John,Scarlett,dwappeal,,Person,worked,,,24 Brattle Street,42.35981,-71.058,"Arkin, Marc M. 2016. ““A Convenient Seat in God's Temple”:1 The Massachusetts General Colored Association and the Park Street Church Pew Controversy of 1830.” The New England Quarterly 89 (1): 6–53. https://doi.org/10.1162/TNEQ_a_00511.","In February of 1828, David Walker, John Scarlett, and John Eli, all of whom dealt used clothes on Brattle Street, were ""arrested, tried, and eventually acquitted for dealing in stolen property.""","Arkin, Marc M. 2016. ““A Convenient Seat in God's Temple”:1 The Massachusetts General Colored Association and the Park Street Church Pew Controversy of 1830.” The New England Quarterly 89 (1): 6–53. https://doi.org/10.1162/TNEQ_a_00511.",,Bostonian Society,"1855 photograph of Brattle Street, where John Scarlett and David Walker each owned a clothing store in the early 19th century",https://upload.wikimedia.org/wikipedia/commons/thumb/4/46/1855_BrattleSt_BostonianSociety.png/440px-1855_BrattleSt_BostonianSociety.png,https://en.wikipedia.org/wiki/Brattle_Street_(Boston),,,,,,,,,,,,,,,,,,,
427,"David Walker publishes the Appeal, 1st edition",,dwappeal,,Event,occurred,1829,1829,,,,"Hinks, Peter P. 1997. To Awaken My Afflicted Brethren. University Park, Pa: Pennsylvania State University Press.","In 1829, David Walker published the first edition of the revolutionary David Walker’s Appeal to the Colored Citizens of the World, calling for. After printing the appeal with partner David Hooton at this address, Walker distributed the appeal out of his Used Clothing Shop on Brattle St, where sailorss could sitribute it. Many white Southerners feared uprisings, and officials destroyed copies, tightened laws on anti-slavery material, and in the case of the governor of Georgia, offered $10,000 for the capture of David Walker.",,,Harvard Library,"Walker's appeal; in four articles, together with a preamble to the colored citizens of the world, but in particular, and very expressly to those of the United States of America",https://ids.lib.harvard.edu/ids/iiif/486018377/full/full/0/default.jpg,https://curiosity.lib.harvard.edu/slavery-abolition-emancipation-and-freedom/catalog/74-990072339890203941,Newspaper,Fair Use Repository,The Liberator,http://fair-use.org/the-liberator/,Archival Papers,Boston Atheneum,Robert Morris Papers,https://cdm.bostonathenaeum.org/digital/collection/p16057coll56,,,,,,,,,,,
15,African Lodge #459,,dwappeal,,Organization,met,1811,,,,,"James Sidbury, Becoming African in America: Race and Nation in the Early Black Atlantic, 1760-1830. Oxford University Press, 2007..","On September 29, 1784, after Prince Hall’s petition to the Grand Lodge of England for permission to establish a lodge, he was granted a charter from the Grand Lodge of England for the African Lodge #459. The African Lodge met regularly at the Golden Fleece, a tannery shop on Water Street in Boston Massachusetts. Later, it met in the African Meeting House. Many of its members were involved in anti-slavery activities.",,Met for a time in the African Meeting House,Harvard Library,"Initiation certificate for Richard P. G. Wright, inducting him into the ""African Lodge"" of Masonry in Boston",https://ids.lib.harvard.edu/ids/iiif/11735119/full/full/0/default.jpg,https://iiif.lib.harvard.edu/manifests/view/ids:11735119,Proceedings,Harvard Library,"Proceedings of the One Hundreth Anniversary of the Granting of Warrant 459 to African Lodge, Boston, 1885",https://babel.hathitrust.org/cgi/pt?id=njp.32101068784220&view=1up&seq=7,Archival Papers,Massachusetts Historical Society,Jeremy Belknap Papers,https://www.masshist.org/collection-guides/view/fa0246,,,,,,,,,,,
432,Park Street Church Incident and Protests,,dwappeal,,Event,occurred,1830,1830,1 Park Street,42.35690607,-71.06199241,Wikipedia,"In 1830, the Massachusetts General Colored Association coordinated a protest against segregated pews in Boston's Park Street Church, an event that provided a crucial opening for the alliance between black abolitionists and William Lloyd Garrison's New England Anti Slavery Society. David Walker spoke out against the incident in the third edition of his Appeal.","Arkin, Marc M. 2016. ““A Convenient Seat in God's Temple”:1 The Massachusetts General Colored Association and the Park Street Church Pew Controversy of 1830.” The New England Quarterly 89 (1): 6–53. https://doi.org/10.1162/TNEQ_a_00511.",,Harvard Library,"David Walker's Appeal, edition 3",https://ids.lib.harvard.edu/ids/iiif/490230702/full/full/0/default.jpg,https://curiosity.lib.harvard.edu/slavery-abolition-emancipation-and-freedom/catalog/74-990068585330203941,Archival Papers,Boston Congregational Library & Archives,"Boston, Mass. Park Street Church records, 1804-1976, 2009",https://www.congregationallibrary.org/finding-aids/BostonMAParkSt1284,,,,,,,,,,,,,,,
139,Stewart,Maria W.,dwappeal,,Person,lived,1829,1834,8 Belknap St,42.360792,-71.065015,"Wikipedia.. Kathryn Grover and Janine V. da Silva, ""Historic Resource Study: Boston African American National Historic Site, 31 December 2002."" Discover Underground Railroad History. National Parks Service..","Abolitionist and women’s rights advocate Maria W. Stewart was one of the first women of any race to speak in public in the United States. She was also the first Black American woman to write and publish a political manifesto. She was influenced by David Walker, whose residence at 8 Belknap Street she moved into after Walker moved out.",,8 Belknap Street is now 81 Joy Street,Boston Public Library,"“Lecture Delivered at the Franklin Hall, Boston, September 21st, 1832.” The Liberator, vol. 2, no. 46, 17 Nov. 1832",https://ark.digitalcommonwealth.org/ark:/50959/8k71pm17n/large_image,https://www.digitalcommonwealth.org/search/commonwealth:8k71pm14t,Newspaper,Boston Public Library,The Liberator,https://www.digitalcommonwealth.org/collections/commonwealth:9w032b61n,,,,,,,,,,,,,,,
103,Paul,Thomas,dwappeal,pastor,Person,lived,1822,1831,26 George St,42.35864,-71.06997,"Kathryn Grover and Janine V. da Silva, ""Historic Resource Study: Boston African American National Historic Site, 31 December 2002."" Discover Underground Railroad History. National Parks Service..","Thomas Paul was a Baptist minister in Boston, Massachusetts, who became the first pastor for the First African Baptist Church, formed in the early 19th century in response to segregation in Boston's other churches. Paul, like David Walker, was an authorized agent who could sell copies of Freedom's Journal.",,,National Portrait Gallery,Portrait of Thomas Paul,https://ids.si.edu/ids/deliveryService?id=NPG-NPG_70_45Paul_d1,https://npg.si.edu/object/npg_NPG.70.45,Archive,American Baptist Historical Society,ABHS: Thomas Paul,https://abhsarchives.org/thomas-paul-pastor-20-years-boston/,,,,,,,,,,,,,,,
79,Holmes,George B.,dwappeal,hairdresser and musician,Person,lived,1826,1830,12 Belknap St,42.36069,-71.06506,"Kathryn Grover and Janine V. da Silva, ""Historic Resource Study: Boston African American National Historic Site, 31 December 2002."" Discover Underground Railroad History. National Parks Service..",George B. Holmes was a member of the Prince Hall Masons and attended the February 1827 meeting at David Walker’s Belknap Street home to determine how to support Freedom’s Journal.,"Kathryn Grover and Janine V. da Silva, ""Historic Resource Study: Boston African American National Historic Site, 31 December 2002."" Discover Underground Railroad History. National Parks Service..",,Wisconsin Historical Society,"Boston Meeting on Freedom's Journal, Freedom's Journal, vol. no.",https://dl.airtable.com/.attachmentThumbnails/ed5996b8a73963df1ffa20afff29e25a/57590b81,https://www.wisconsinhistory.org/Records/Article/CS4415,,,,,,,,,,,,,,,,,,,
78,Hilton,John T.,dwappeal,,Person,lived,,1830,12 Belknap St,42.36069,-71.06506,"Kathryn Grover and Janine V. da Silva, ""Historic Resource Study: Boston African American National Historic Site, 31 December 2002."" Discover Underground Railroad History. National Parks Service..","John Telemachus Hilton was involved in supporting Freedom's Journal in Boston, helped found the Massachusetts General Colored Association, and was heavily involved in the African Lodge",,,Wisconsin Historical Society,"Address Delivered Before the African Grand Lodge, Boston, No. 459, June 24, 1828 by John T. Hilton",https://dl.airtable.com/.attachmentThumbnails/1c01daa3752a2568c9cf1a9505016387/7230da2b,https://www.wisconsinhistory.org/Records/Article/CS4415,Book,Internet Archive,"Twenty Families of Color in Massachusetts, 1742-1998",https://archive.org/details/twentyfamiliesof00dorm,Newspaper,Boston Public Library,The Liberator,https://www.digitalcommonwealth.org/collections/commonwealth:9w032b61n,,,,,,,,,,,
248,Hilton,John T.,dwappeal,clothes dealer,Person,lived,,1836,house Southac,42.36031,-71.06822,"Charles Stimpson, Jr. Stimpson's Boston Directory, 1836..","John Telemachus Hilton was involved in supporting Freedom's Journal in Boston, helped found the Massachusetts General Colored Association, and was heavily involved in the African Lodge",,Southac Street is now Phillips Street,Wisconsin Historical Society,"Address Delivered Before the African Grand Lodge, Boston, No. 459, June 24, 1828 by John T. Hilton",https://dl.airtable.com/.attachmentThumbnails/1cc2c8f441d3434d5813fb9cdc3f21d9/857a7140,https://www.wisconsinhistory.org/Records/Article/CS4415,Book,Internet Archive,"Twenty Families of Color in Massachusetts, 1742-1998",https://archive.org/details/twentyfamiliesof00dorm,Newspaper,Boston Public Library,The Liberator,https://www.digitalcommonwealth.org/collections/commonwealth:9w032b61n,,,,,,,,,,,
247,Hilton,John T.,dwappeal,clothes dealer,Person,worked,,1836,20 Brattle,42.35976,-71.05888,"Charles Stimpson, Jr. Stimpson's Boston Directory, 1836..","John Telemachus Hilton was involved in supporting Freedom's Journal in Boston, helped found the Massachusetts General Colored Association, and was heavily involved in the African Lodge",,,Wisconsin Historical Society,"Address Delivered Before the African Grand Lodge, Boston, No. 459, June 24, 1828 by John T. Hilton",https://dl.airtable.com/.attachmentThumbnails/02d56635a7345a06a26e172cd2c4050d/9c8d36ea,https://www.wisconsinhistory.org/Records/Article/CS4415,Book,Internet Archive,"Twenty Families of Color in Massachusetts, 1742-1998",https://archive.org/details/twentyfamiliesof00dorm,Newspaper,Boston Public Library,The Liberator,https://www.digitalcommonwealth.org/collections/commonwealth:9w032b61n,,,,,,,,,,,
27,Massachusetts General Colored Association,,dwappeal,,Organization,met occassionally,1826,1833,,42.359983,-71.065481,"Wikipedia.. Kathryn Grover and Janine V. da Silva, ""Historic Resource Study: Boston African American National Historic Site, 31 December 2002."" Discover Underground Railroad History. National Parks Service..",The Massachusetts General Colored Association was organized in Boston in 1826 to combat slavery and racism. The Association was an early supporter of William Lloyd Garrison. Its influence spread locally and was realized within New England when they joined the New England Anti-Slavery Society in 1833.,Wikipedia,"met in various places, but sometimes the African Meeting House",Wisconsin Historical Society,"Address, Delivered before the General Colored Association at Boston, by David Walker.",https://dl.airtable.com/.attachmentThumbnails/21aca7d58b415dd82c3ca4d999e7d38e/b1e77348,https://www.wisconsinhistory.org/Records/Article/CS4415,Newspaper,Boston Public Library,The Liberator,https://www.digitalcommonwealth.org/collections/commonwealth:9w032b61n,Annual Report,Internet Archive,The Abolitionist: Or Record of the New England Anti-Slavery Society,https://archive.org/details/abolitionist00socigoog/page/n30/mode/2up,,,,,,,,,,,
422,David Walker's Used Clothing Store,,dwappeal,,Place,is,1825,1830,42 Brattle Street,42.35981,-71.05808,"Arkin, Marc M. 2016. ““A Convenient Seat in God's Temple”:1 The Massachusetts General Colored Association and the Park Street Church Pew Controversy of 1830.” The New England Quarterly 89 (1): 6–53. https://doi.org/10.1162/TNEQ_a_00511.","Sometime in the 1820s Walker opened a secondhand clothing store on the Boston waterfront. Through this business he could purchase clothes taken from sailors in barter for drink and then resell them to seamen about to embark. In the copious pockets of these garments, he concealed copies of his Appeal, which he reasoned would reach Southern ports and pass through the hands of other used-clothes dealers who would know what to do with them. He also used sympathetic Black seamen to distribute pamphlets directly.",Britannica,,Wisconsin Historical Society,"Advertisement for Walker's used clothing store, 1829, Freedom's Journal, all after vol. no.",https://dl.airtable.com/.attachmentThumbnails/0321362b6af9e1dad10fdc15f96b30d4/70f7c416,https://www.wisconsinhistory.org/Records/Article/CS4415,Newspaper,Wisconsin Historical Society,Freedom's Journal Online Archive,https://www.wisconsinhistory.org/Records/Article/CS4415,,,,,,,,,,,,,,,
433,Freedom's Journal Meeting,,dwappeal,,Event,occurred,1827,1827,8 Belknap St,42.360792,-71.065015,"Kathryn Grover and Janine V. da Silva, ""Historic Resource Study: Boston African American National Historic Site, 31 December 2002."" Discover Underground Railroad History. National Parks Service..","On the evening of Monday, Feb. 20, 1827, a group of prominent African American Bostonians gathered at the home of abolitionist David Walker. Among the guests were John T. Hilton, leader of the black Freemasons in the city; Walker’s neighbor George B. Holmes — a hairdresser, musician and Mason — and the Rev. Thomas Paul, pastor of Boston’s African Baptist Church. The meeting was convened to consider the Prospectus for the first African American newspaper, Freedom’s Journal, which would begin publication the following month in New York.",Boston's Connection to 'Freedom's Journal',,Wisconsin Historical Society,"Resolution to Support Freedom's Journal, Freedom's Journal, vol. no.",https://dl.airtable.com/.attachmentThumbnails/6ee76e5555a61ef58b7dfb5051d61451/b2e7b0a7,https://www.wisconsinhistory.org/Records/Article/CS4415,Newspaper,Wisconsin Historical Society,Freedom's Journal Online Archive,https://www.wisconsinhistory.org/Records/Article/CS4415,,,,,,,,,,,,,,,
337,Snowden,Samuel,"dwappeal,bosvigilance",preacher,Person,lived,,1836,5 Belknap,42.36091,-71.06518,"Charles Stimpson, Jr. Stimpson's Boston Directory, 1836..","Samuel Snowden (c. 1765—1850) was an African-American abolitionist and pastor of the May Street Church, one of the first black Methodist churches in Boston, Massachusetts. Under Reverend Snowden's direction from 1818 to 1850, the May Street Church congregation supported the Underground Railroad; members included several prominent abolitionists, such as David Walker from North Carolina.[2] Snowden was born into slavery in the South, but later reached the North and began his career as a pastor.",Wikipedia,Belknap Street is where Joy Street is now. Based on estimation from 8 Belknap Street being 81 Joy Street,The Liberator,Newspaper clipping recognizing how freedom seekers continued to go to Reverend Snowden's home after his death,https://npgallery.nps.gov/GetAsset/971d3b30-5373-4918-9c67-2f8394af717a/original.jpg?,https://www.nps.gov/places/samuel-snowden-house.htm,Archival Papers,Boston University School of Theology Library,Zion's Herald and Other Newspapers,https://www.bu.edu/sthlibrary/archives/neccah/zions-herald-and-other-newspapers/,,,,,,,,,,,,,,,